date,consumption_mbpd,wti_usd_bbl,brent_usd_bbl,weighted_price_usd_bbl,days_in_month,barrels,value_usd
1990-01-01,67.4697,22.8600,21.2500,22.0550,31.0000,2091561342.3200,46129385404.8676
1990-02-01,68.1651,22.1100,19.8100,20.9600,28.0000,1908622147.6000,40004720213.6960
1990-03-01,67.2818,20.3900,18.3900,19.3900,31.0000,2085734758.7100,40442396971.3869
1990-04-01,65.3322,18.4300,16.6100,17.5200,30.0000,1959966501.6000,34338613108.0320
1990-05-01,65.3478,18.2000,16.3500,17.2750,31.0000,2025780705.3900,34995361685.6123
1990-06-01,65.8859,16.7000,15.1000,15.9000,30.0000,1976576010.9000,31427558573.3100
1990-07-01,66.5381,18.4500,17.1700,17.8100,31.0000,2062681228.3400,36736352676.7354
1990-08-01,68.1406,27.3100,27.1700,27.2400,31.0000,2112359221.8600,57540665203.4664
1990-09-01,65.4560,33.5100,34.9000,34.2050,30.0000,1963679564.1000,67167659490.0405
1990-10-01,66.0954,36.0400,36.0200,36.0300,31.0000,2048958131.2900,73823961470.3787
1990-11-01,66.6623,32.3300,33.0700,32.7000,30.0000,1999869375.9000,65395728591.9300
1990-12-01,67.2910,27.2800,28.2700,27.7750,31.0000,2086022249.9200,57939267991.5280
1991-01-01,68.5937,25.2300,23.5700,24.4000,31.0000,2126405670.9200,51884298370.4480
1991-02-01,67.3057,20.4800,19.5400,20.0100,28.0000,1884560083.8400,37710047277.6384
1991-03-01,65.2916,19.9000,19.0800,19.4900,31.0000,2024038541.3500,39448511170.9115
1991-04-01,65.4746,20.8300,19.1800,20.0050,30.0000,1964236806.6000,39294557316.0330
1991-05-01,65.2929,21.2300,19.1900,20.2100,31.0000,2024080961.4400,40906676230.7024
1991-06-01,65.7680,20.1900,18.1700,19.1800,30.0000,1973040488.1000,37842916561.7580
1991-07-01,66.3453,21.4000,19.4000,20.4000,31.0000,2056704344.6400,41956768630.6560
1991-08-01,66.5651,21.6900,19.7700,20.7300,31.0000,2063518585.4600,42776740276.5858
1991-09-01,66.1289,21.8900,20.5000,21.1950,30.0000,1983865512.9000,42048029545.9155
1991-10-01,68.1756,23.2300,22.2100,22.7200,31.0000,2113445140.3900,48017473589.6608
1991-11-01,68.2007,22.4600,21.1100,21.7850,30.0000,2046021668.7000,44572582052.6295
1991-12-01,69.5989,19.5000,18.4100,18.9550,31.0000,2157566795.9000,40896678616.2845
1992-01-01,68.4643,18.7900,18.1600,18.4750,31.0000,2122393852.7300,39211226429.1868
1992-02-01,68.4412,19.0100,18.0500,18.5300,29.0000,1984795955.9400,36778269063.5682
1992-03-01,67.5599,18.9200,17.6300,18.2750,31.0000,2094358250.6700,38274397030.9943
1992-04-01,66.4277,20.2300,18.9200,19.5750,30.0000,1992829844.1000,39009644198.2575
1992-05-01,64.1542,20.9800,19.8900,20.4350,31.0000,1988781143.0200,40640742657.6137
1992-06-01,65.7986,22.3900,21.1600,21.7750,30.0000,1973958483.9000,42982945986.9225
1992-07-01,66.5815,21.7800,20.2400,21.0100,31.0000,2064026049.2600,43365187294.9526
1992-08-01,65.2906,21.3400,19.7400,20.5400,31.0000,2024007590.6400,41573115911.7456
1992-09-01,66.8923,21.8800,20.2700,21.0750,30.0000,2006769314.4000,42292663300.9800
1992-10-01,67.6455,21.6900,20.2600,20.9750,31.0000,2097011557.7200,43984817423.1770
1992-11-01,68.3618,20.3400,19.2100,19.7750,30.0000,2050854020.7000,40555638259.3425
1992-12-01,70.2446,19.4100,18.1400,18.7750,31.0000,2177583214.1100,40884124844.9153
1993-01-01,65.4084,19.0300,17.3900,18.2100,31.0000,2027660844.2300,36923703973.4283
1993-02-01,68.6825,20.0900,18.4700,19.2800,28.0000,1923110185.9200,37077564384.5376
1993-03-01,68.9068,20.3200,18.7900,19.5550,31.0000,2136111401.7100,41771658460.4390
1993-04-01,65.8264,20.2500,18.6700,19.4600,30.0000,1974793367.7000,38429478935.4420
1993-05-01,63.4108,19.9500,18.5100,19.2300,31.0000,1965735704.5800,37801097599.0734
1993-06-01,66.0047,19.0900,17.6500,18.3700,30.0000,1980141342.6000,36375196463.5620
1993-07-01,65.9279,17.8900,16.7800,17.3350,31.0000,2043765365.9300,35428672618.3965
1993-08-01,65.3091,18.0100,16.7000,17.3550,31.0000,2024581565.2500,35136613064.9137
1993-09-01,66.8766,17.5000,16.0100,16.7550,30.0000,2006297878.8000,33615520959.2940
1993-10-01,66.8513,18.1500,16.6100,17.3800,31.0000,2072389610.8700,36018131436.9206
1993-11-01,69.4550,16.6100,15.2000,15.9050,30.0000,2083650132.3000,33140455354.2315
1993-12-01,70.9933,14.5200,13.7300,14.1250,31.0000,2200792842.8100,31086198904.6912
1994-01-01,67.7523,15.0300,14.2900,14.6600,31.0000,2100321260.6300,30790709680.8358
1994-02-01,70.4899,14.7800,13.8000,14.2900,28.0000,1973717311.7200,28204420384.4788
1994-03-01,68.9319,14.6800,13.8200,14.2500,31.0000,2136887796.0900,30450651094.2825
1994-04-01,66.9617,16.4200,15.2300,15.8250,30.0000,2008851490.5000,31790074837.1625
1994-05-01,65.3597,17.8900,16.1900,17.0400,31.0000,2026151438.7300,34525620515.9592
1994-06-01,67.3769,19.0600,16.7600,17.9100,30.0000,2021308181.1000,36201629523.5010
1994-07-01,66.8914,19.6600,17.6000,18.6300,31.0000,2073634295.9000,38631806932.6170
1994-08-01,68.1182,18.3800,16.8900,17.6350,31.0000,2111664659.4200,37239206268.8717
1994-09-01,68.1632,17.4500,15.9000,16.6750,30.0000,2044895797.5000,34098637423.3125
1994-10-01,68.6330,17.7200,16.4900,17.1050,31.0000,2127622420.6100,36392981504.5340
1994-11-01,69.8675,18.0700,17.1900,17.6300,30.0000,2096024459.7000,36952911224.5110
1994-12-01,71.8036,17.1600,15.9300,16.5450,31.0000,2225910639.3100,36827691527.3839
1995-01-01,69.4221,18.0400,16.5500,17.2950,31.0000,2152085777.6600,37220323524.6297
1995-02-01,71.9945,18.5700,17.1100,17.8400,28.0000,2015845217.4000,35962678678.4160
1995-03-01,70.9702,18.5400,17.0100,17.7750,31.0000,2200076031.3600,39106351457.4240
1995-04-01,68.1860,19.9000,18.6500,19.2750,30.0000,2045580492.9000,39428564000.6475
1995-05-01,67.5243,19.7400,18.3500,19.0450,31.0000,2093252810.2000,39865999770.2590
1995-06-01,68.5860,18.4500,17.3100,17.8800,30.0000,2057581416.9000,36789555734.1720
1995-07-01,67.3215,17.3300,15.8500,16.5900,31.0000,2086965000.8400,34622749363.9356
1995-08-01,69.2180,18.0200,16.1000,17.0600,31.0000,2145756977.0000,36606614027.6200
1995-09-01,69.4346,18.2300,16.7000,17.4650,30.0000,2083038003.3000,36380258727.6345
1995-10-01,69.4323,17.4300,16.1100,16.7700,31.0000,2152399961.4200,36095747353.0134
1995-11-01,72.2130,17.9900,16.8600,17.4250,30.0000,2166389179.5000,37749331452.7875
1995-12-01,73.1211,19.0300,17.9300,18.4800,31.0000,2266754898.8700,41889630531.1176
1996-01-01,72.4863,18.8600,17.8500,18.3550,31.0000,2247075361.3800,41245068258.1299
1996-02-01,74.5292,19.0900,18.0000,18.5450,29.0000,2161345637.6800,40082154850.7756
1996-03-01,72.7511,21.3300,19.8500,20.5900,31.0000,2255283965.7700,46436296855.2043
1996-04-01,70.2687,23.5000,20.9000,22.2000,30.0000,2108059918.2000,46798930184.0400
1996-05-01,69.3589,21.1700,19.1500,20.1600,31.0000,2150125206.8400,43346524169.8944
1996-06-01,69.4313,20.4200,18.4600,19.4400,30.0000,2082937925.4000,40492313269.7760
1996-07-01,70.9166,21.3000,19.5700,20.4350,31.0000,2198414888.9200,44924608255.0802
1996-08-01,71.0912,21.9000,20.5100,21.2050,31.0000,2203828003.5200,46732172814.6416
1996-09-01,70.7763,23.9700,22.6300,23.3000,30.0000,2123290190.4000,49472661436.3200
1996-10-01,73.3661,24.8800,24.1600,24.5200,31.0000,2274350410.3700,55767072062.2724
1996-11-01,73.2303,23.7100,22.7600,23.2350,30.0000,2196907812.3000,51045153018.7905
1996-12-01,73.8345,25.2300,23.7800,24.5050,31.0000,2288869977.4000,56088758796.1870
1997-01-01,73.8740,25.1300,23.5400,24.3350,31.0000,2290094129.5800,55729440643.3293
1997-02-01,73.9281,22.1800,20.8500,21.5150,28.0000,2069985838.4800,44535745314.8972
1997-03-01,71.6182,20.9700,19.1300,20.0500,31.0000,2220163389.6600,44514275962.6830
1997-04-01,72.5336,19.7000,17.5600,18.6300,30.0000,2176008527.4000,40539038865.4620
1997-05-01,70.6358,20.8200,19.0200,19.9200,31.0000,2189709537.7400,43619013991.7808
1997-06-01,71.8754,19.2600,17.5800,18.4200,30.0000,2156261244.0000,39718332114.4800
1997-07-01,73.1108,19.6600,18.4600,19.0600,31.0000,2266434835.0300,43198247955.6718
1997-08-01,71.5049,19.9500,18.6000,19.2750,31.0000,2216652688.6400,42725980573.5360
1997-09-01,73.0402,19.8000,18.4600,19.1300,30.0000,2191204580.4000,41917743623.0520
1997-10-01,74.4702,21.3300,19.8700,20.6000,31.0000,2308577541.9900,47556697364.9940
1997-11-01,73.7675,20.1900,19.1700,19.6800,30.0000,2213025420.3000,43552340271.5040
1997-12-01,76.2195,18.3300,17.1800,17.7550,31.0000,2362803638.5100,41951578601.7450
1998-01-01,73.0761,16.7200,15.1900,15.9550,31.0000,2265360607.8400,36143828498.0872
1998-02-01,74.4982,16.0600,14.0700,15.0650,28.0000,2085948271.1200,31424810704.4228
1998-03-01,74.3036,15.1200,13.1000,14.1100,31.0000,2303412210.0800,32501146284.2288
1998-04-01,72.7569,15.3500,13.5300,14.4400,30.0000,2182705680.0000,31518270019.2000
1998-05-01,70.7422,14.9100,14.3600,14.6350,31.0000,2193008391.2700,32094677806.2365
1998-06-01,73.4315,13.7200,12.2100,12.9650,30.0000,2202945783.3000,28561192080.4845
1998-07-01,73.9398,14.1700,12.0800,13.1250,31.0000,2292135176.0900,30084274186.1813
1998-08-01,72.9629,13.4700,11.9100,12.6900,31.0000,2261849831.4900,28702874361.6081
1998-09-01,73.3801,15.0300,13.3400,14.1850,30.0000,2201403498.3000,31226908623.3855
1998-10-01,74.5428,14.4600,12.7000,13.5800,31.0000,2310825954.3200,31381016459.6656
1998-11-01,75.3656,13.0000,11.0400,12.0200,30.0000,2260966631.7000,27176818913.0340
1998-12-01,77.4037,11.3500,9.8200,10.5850,31.0000,2399514470.2900,25398860668.0197
1999-01-01,74.4822,12.5200,11.1100,11.8150,31.0000,2308949001.6600,27280232454.6129
1999-02-01,77.2065,12.0100,10.2700,11.1400,28.0000,2161781750.8000,24082248703.9120
1999-03-01,77.5737,14.6800,12.5100,13.5950,31.0000,2404783416.2900,32693030544.4625
1999-04-01,74.0004,17.3100,15.2900,16.3000,30.0000,2220011948.1000,36186194754.0300
1999-05-01,72.0054,17.7200,15.2300,16.4750,31.0000,2232168624.5000,36774978088.6375
1999-06-01,74.8633,17.9200,15.8600,16.8900,30.0000,2245898137.2000,37933219537.3080
1999-07-01,74.4166,20.1000,19.0800,19.5900,31.0000,2306914423.9200,45192453564.5928
1999-08-01,74.5275,21.2800,20.2200,20.7500,31.0000,2310351364.1600,47939790806.3200
1999-09-01,75.1316,23.8000,22.5400,23.1700,30.0000,2253947281.2000,52223958505.4040
1999-10-01,75.4938,22.6900,22.0000,22.3450,31.0000,2340309018.3000,52294205013.9135
1999-11-01,76.7012,25.0000,24.5800,24.7900,30.0000,2301037250.1000,57042713429.9790
1999-12-01,79.4975,26.1000,25.4700,25.7850,31.0000,2464422082.7400,63545123403.4509
2000-01-01,75.4755,27.2600,25.5100,26.3850,31.0000,2339741427.8300,61734077573.2945
2000-02-01,78.9603,29.3700,27.7800,28.5750,29.0000,2289849386.4300,65432446217.2373
2000-03-01,77.8492,29.8400,27.4900,28.6650,31.0000,2413325327.7200,69177970519.0938
2000-04-01,74.3833,25.7200,22.7600,24.2400,30.0000,2231497934.7000,54091509937.1280
2000-05-01,75.5208,28.7900,27.7400,28.2650,31.0000,2341144556.0300,66172450876.1880
2000-06-01,76.1915,31.8200,29.8000,30.8100,30.0000,2285744454.6000,70423786646.2260
2000-07-01,75.7532,29.7000,28.6800,29.1900,31.0000,2348350009.1000,68548336765.6290
2000-08-01,78.4983,31.2600,30.2000,30.7300,31.0000,2433447704.5500,74779847960.8215
2000-09-01,77.7420,33.8800,33.1400,33.5100,30.0000,2332260165.6000,78154038149.2560
2000-10-01,76.9258,33.1100,30.9600,32.0350,31.0000,2384701023.5700,76393897290.0649
2000-11-01,77.6824,34.4200,32.5500,33.4850,30.0000,2330472640.8000,78035876377.1880
2000-12-01,79.2531,28.4400,25.6600,27.0500,31.0000,2456847616.2100,66457728018.4805
2001-01-01,78.8438,29.5900,25.6200,27.6050,31.0000,2444156949.6700,67470952595.6403
2001-02-01,78.7965,29.6100,27.5000,28.5550,28.0000,2206301095.6000,63000927784.8580
2001-03-01,78.5583,27.2500,24.5000,25.8750,31.0000,2435307871.0200,63013591162.6425
2001-04-01,76.5287,27.4900,25.6600,26.5750,30.0000,2295861517.5000,61012519827.5625
2001-05-01,76.6832,28.6300,28.3100,28.4700,31.0000,2377178120.8900,67678261101.7383
2001-06-01,76.8810,27.6000,27.8500,27.7250,30.0000,2306428628.4000,63945733722.3900
2001-07-01,77.0180,26.4300,24.6100,25.5200,31.0000,2387559259.5300,60930512303.2056
2001-08-01,77.9697,27.3700,25.6800,26.5250,31.0000,2417061318.4500,64112551471.8863
2001-09-01,76.6251,26.2000,25.6200,25.9100,30.0000,2298753463.2000,59560702231.5120
2001-10-01,77.8438,22.1700,20.5400,21.3550,31.0000,2413157529.3700,51532979039.6964
2001-11-01,78.6263,19.6400,18.8000,19.2200,30.0000,2358790066.8000,45335945083.8960
2001-12-01,78.4092,19.3900,18.7100,19.0500,31.0000,2430684035.3300,46304530873.0365
2002-01-01,78.5610,19.7200,19.4200,19.5700,31.0000,2435390851.5100,47660598964.0507
2002-02-01,79.0826,20.7200,20.2800,20.5000,28.0000,2214313320.2400,45393423064.9200
2002-03-01,78.2742,24.5300,23.7000,24.1150,31.0000,2426501188.9000,58515076170.3235
2002-04-01,77.5125,26.1800,25.7300,25.9550,30.0000,2325374874.9000,60355104878.0295
2002-05-01,76.5914,27.0400,25.3500,26.1950,31.0000,2374331985.4700,62195626359.3867
2002-06-01,77.4588,25.5200,24.0800,24.8000,30.0000,2323764647.7000,57629363262.9600
2002-07-01,78.7363,26.9700,25.7400,26.3550,31.0000,2440824776.1000,64327936974.1155
2002-08-01,78.3027,28.3900,26.6500,27.5200,31.0000,2427385108.9500,66801638198.3040
2002-09-01,78.0186,29.6600,28.4000,29.0300,30.0000,2340556674.3000,67946360254.9290
2002-10-01,79.5728,28.8400,27.5400,28.1900,31.0000,2466757905.1500,69537905346.1785
2002-11-01,80.2461,26.3500,24.3400,25.3450,30.0000,2407384394.4000,61015157476.0680
2002-12-01,80.9689,29.4600,28.3300,28.8950,31.0000,2510034761.0600,72527454420.8287
2003-01-01,80.3349,32.9500,31.1800,32.0650,31.0000,2490381036.9600,79854067950.1224
2003-02-01,82.5057,35.8300,32.7700,34.3000,28.0000,2310160971.7200,79238521329.9960
2003-03-01,79.6055,33.5100,30.6100,32.0600,31.0000,2467769859.8500,79116701706.7910
2003-04-01,78.2980,28.1700,25.0000,26.5850,30.0000,2348941425.0000,62446607783.6250
2003-05-01,77.9134,28.1100,25.8600,26.9850,31.0000,2415314841.0700,65177270986.2740
2003-06-01,78.9184,30.6600,27.6500,29.1550,30.0000,2367550901.1000,69025946521.5705
2003-07-01,79.9161,30.7600,28.3500,29.5550,31.0000,2477397769.4800,73219491076.9814
2003-08-01,79.3643,31.5700,29.8900,30.7300,31.0000,2460294444.8300,75604848289.6259
2003-09-01,80.4178,28.3100,27.1100,27.7100,30.0000,2412535119.6000,66851348164.1160
2003-10-01,81.5834,30.3400,29.6100,29.9750,31.0000,2529085595.9200,75809340737.7020
2003-11-01,80.6446,31.1100,28.7500,29.9300,30.0000,2419338152.4000,72410790901.3320
2003-12-01,83.6145,32.1300,29.8100,30.9700,31.0000,2592050549.3500,80275805513.3695
2004-01-01,81.9937,34.3100,31.2800,32.7950,31.0000,2541803845.6400,83358457117.7638
2004-02-01,83.6434,34.6900,30.8600,32.7750,29.0000,2425659568.0200,79500992341.8555
2004-03-01,83.9971,36.7400,33.6300,35.1850,31.0000,2603908559.9200,91618522680.7852
2004-04-01,82.5569,36.7500,33.5900,35.1700,30.0000,2476708305.3000,87105831097.4010
2004-05-01,80.3322,40.2800,37.5700,38.9250,31.0000,2490297579.3800,96934833277.3665
2004-06-01,83.4682,38.0300,35.1800,36.6050,30.0000,2504044769.1000,91660558772.9055
2004-07-01,83.0870,40.7800,38.2200,39.5000,31.0000,2575696814.3100,101740024165.2450
2004-08-01,83.2451,44.9000,42.7400,43.8200,31.0000,2580597935.7000,113081801542.3740
2004-09-01,83.5156,45.9400,43.2000,44.5700,30.0000,2505466857.9000,111668657856.6030
2004-10-01,83.6464,53.2800,49.7800,51.5300,31.0000,2593038484.6300,133619273112.9839
2004-11-01,84.9133,48.4700,43.1100,45.7900,30.0000,2547399339.3000,116645415746.5470
2004-12-01,86.5974,43.1500,39.6000,41.3750,31.0000,2684519598.4000,111071998383.8000
2005-01-01,84.4398,46.8400,44.5100,45.6750,31.0000,2617634149.0600,119560439758.3155
2005-02-01,86.6017,48.1500,45.4800,46.8150,28.0000,2424847000.8000,113519212342.4520
2005-03-01,86.1245,54.1900,53.1000,53.6450,31.0000,2669858741.7400,143224572200.6423
2005-04-01,83.1714,52.9800,51.8800,52.4300,30.0000,2495141806.5000,130820284914.7950
2005-05-01,82.3619,49.8300,48.6500,49.2400,31.0000,2553219697.3200,125720537896.0368
2005-06-01,85.7394,56.3500,54.3500,55.3500,30.0000,2572182242.4000,142370287116.8400
2005-07-01,83.7004,59.0000,57.5200,58.2600,31.0000,2594711623.4500,151167899182.1970
2005-08-01,85.6079,64.9900,63.9800,64.4850,31.0000,2653844073.2300,171133135062.2365
2005-09-01,84.2496,65.5900,62.9100,64.2500,30.0000,2527488653.4000,162391145980.9500
2005-10-01,82.2076,62.2600,58.5400,60.4000,31.0000,2548436061.9000,153925538138.7600
2005-11-01,85.0144,58.3200,55.2400,56.7800,30.0000,2550431567.1000,144813504379.9380
2005-12-01,87.0862,59.4100,56.8600,58.1350,31.0000,2699672505.6600,156945461116.5441
2006-01-01,84.7136,65.4900,62.9900,64.2400,31.0000,2626121777.0100,168702062955.1224
2006-02-01,87.5365,61.6300,60.2100,60.9200,28.0000,2451021651.1200,149316238986.2304
2006-03-01,86.7990,62.6900,62.0600,62.3750,31.0000,2690769361.7700,167836738940.4037
2006-04-01,83.2910,69.4400,70.2600,69.8500,30.0000,2498729737.2000,174536272143.4200
2006-05-01,84.1634,70.8400,69.7800,70.3100,31.0000,2609065587.5500,183443401460.6405
2006-06-01,85.8818,70.9500,68.5600,69.7550,30.0000,2576454970.5000,179720616467.2275
2006-07-01,84.7208,74.4100,73.6700,74.0400,31.0000,2626344693.9800,194454561142.2792
2006-08-01,86.6543,73.0400,73.2300,73.1350,31.0000,2686283249.4700,196461325449.9885
2006-09-01,86.0203,63.8000,61.9600,62.8800,30.0000,2580607818.3000,162268619614.7040
2006-10-01,86.3765,58.8900,57.8100,58.3500,31.0000,2677672024.2100,156242162612.6535
2006-11-01,87.0726,59.0800,58.7600,58.9200,30.0000,2612179247.1000,153909601239.1320
2006-12-01,86.4559,61.9600,62.4700,62.2150,31.0000,2680133588.5100,166744511209.1497
2007-01-01,86.5242,54.5100,53.6800,54.0950,31.0000,2682251041.9600,145096370114.8262
2007-02-01,88.2254,59.2800,57.5600,58.4200,28.0000,2470312034.1200,144315629033.2904
2007-03-01,87.6570,60.4400,62.0500,61.2450,31.0000,2717366755.4100,166425126935.0854
2007-04-01,85.5576,63.9800,67.4900,65.7350,30.0000,2566728954.3000,168723927810.9105
2007-05-01,86.2410,63.4600,67.2100,65.3350,31.0000,2673469945.3800,174671158881.4023
2007-06-01,87.5090,67.4900,71.0500,69.2700,30.0000,2625268517.4000,181852350200.2980
2007-07-01,87.5287,74.1200,76.9300,75.5250,31.0000,2713388863.3100,204928693901.4878
2007-08-01,87.1890,72.3600,70.7600,71.5600,31.0000,2702860343.8500,193416686205.9060
2007-09-01,87.1829,79.9200,77.1700,78.5450,30.0000,2615488038.0000,205433507944.7100
2007-10-01,88.4509,85.8000,82.3400,84.0700,31.0000,2741978077.0100,230518096934.2307
2007-11-01,88.5586,94.7700,92.4100,93.5900,30.0000,2656758326.7000,248646011795.8530
2007-12-01,89.0534,91.6900,90.9300,91.3100,31.0000,2760655712.1700,252075473078.2427
2008-01-01,87.7692,92.9700,92.1800,92.5750,31.0000,2720845961.9800,251882314930.2985
2008-02-01,88.3751,95.3900,94.9900,95.1900,29.0000,2562878321.6600,243960387438.8154
2008-03-01,88.1940,105.4500,103.6400,104.5450,31.0000,2734012804.0200,285827368596.2709
2008-04-01,88.1465,112.5800,109.0700,110.8250,30.0000,2644396044.9000,293065191676.0425
2008-05-01,87.0944,125.4000,122.8000,124.1000,31.0000,2699924908.5900,335060681156.0190
2008-06-01,86.3189,133.8800,132.3200,133.1000,30.0000,2589567415.2000,344671422963.1199
2008-07-01,87.2173,133.3700,132.7200,133.0450,31.0000,2703734851.9900,359718403383.0096
2008-08-01,86.0819,116.6700,113.2400,114.9550,31.0000,2668540077.6900,306762024630.8539
2008-09-01,86.3793,104.1100,97.2300,100.6700,30.0000,2591378136.0000,260874036951.1200
2008-10-01,87.1847,76.6100,71.5800,74.0950,31.0000,2702726686.4200,200258533830.2899
2008-11-01,84.1369,57.3100,52.4500,54.8800,30.0000,2524108434.9000,138523070907.3120
2008-12-01,85.7983,41.1200,39.9500,40.5350,31.0000,2659747678.5100,107812872148.4028
2009-01-01,84.2604,41.7100,43.4400,42.5750,31.0000,2612072338.6200,111208979816.7465
2009-02-01,85.6670,39.0900,43.3200,41.2050,28.0000,2398677398.0400,98837502186.2382
2009-03-01,85.8761,47.9400,46.5400,47.2400,31.0000,2662157824.3500,125760335622.2940
2009-04-01,85.0551,49.6500,50.1800,49.9150,30.0000,2551651534.5000,127365686344.5675
2009-05-01,84.0968,59.0300,57.3000,58.1650,31.0000,2607000823.2500,151636202884.3362
2009-06-01,86.8896,69.6400,68.6100,69.1250,30.0000,2606687778.3000,180187292674.9875
2009-07-01,87.0526,64.1500,64.4400,64.2950,31.0000,2698630237.3000,173508431107.2035
2009-08-01,85.8404,71.0500,72.5100,71.7800,31.0000,2661052422.3200,191010342874.1296
2009-09-01,86.8269,69.4100,67.6500,68.5300,30.0000,2604806614.8000,178507397312.2440
2009-10-01,86.9817,75.7200,72.7700,74.2450,31.0000,2696433366.8100,200196695318.8085
2009-11-01,85.6129,77.9900,76.6600,77.3250,30.0000,2568387294.9000,198600547578.1425
2009-12-01,88.7159,74.4700,74.4600,74.4650,31.0000,2750194308.0200,204793219146.7093
2010-01-01,84.2109,78.3300,76.1700,77.2500,31.0000,2610537647.9700,201664033305.6825
2010-02-01,88.9458,76.3900,73.7500,75.0700,28.0000,2490482741.6000,186960539411.9120
2010-03-01,88.6197,81.2000,78.8300,80.0150,31.0000,2747209300.0400,219817952142.7006
2010-04-01,87.7220,84.2900,84.8200,84.5550,30.0000,2631660914.4000,222520088617.0920
2010-05-01,86.1590,73.7400,75.9500,74.8450,31.0000,2670928881.8900,199905672165.0570
2010-06-01,90.4400,75.3400,74.7600,75.0500,30.0000,2713201253.7000,203625754090.1850
2010-07-01,88.4370,76.3200,75.5800,75.9500,31.0000,2741546628.9300,208220466467.2335
2010-08-01,89.7401,76.6000,77.0400,76.8200,31.0000,2781943546.0900,213708903210.6338
2010-09-01,90.9373,75.2400,77.8400,76.5400,30.0000,2728119083.4000,208810234643.4360
2010-10-01,88.3008,81.8900,82.6700,82.2800,31.0000,2737324927.4100,225227095027.2948
2010-11-01,90.5735,84.2500,85.2800,84.7650,30.0000,2717204994.0000,230323881316.4100
2010-12-01,92.1384,89.1500,91.4500,90.3000,31.0000,2856289438.3800,257922936285.7140
2011-01-01,87.9448,89.1700,96.5200,92.8450,31.0000,2726290060.7700,253122400692.1906
2011-02-01,90.5359,88.5800,103.7200,96.1500,28.0000,2535006490.5200,243740874063.4980
2011-03-01,89.1134,102.8600,114.6400,108.7500,31.0000,2762514173.0200,300423416315.9250
2011-04-01,87.5311,109.5300,123.2600,116.3950,30.0000,2625931795.8000,305645331372.1411
2011-05-01,87.7284,100.9000,114.9900,107.9450,31.0000,2719580253.0600,293565090416.5616
2011-06-01,89.6768,96.2600,113.8300,105.0450,30.0000,2690304981.9000,282603086823.6855
2011-07-01,89.3762,97.3000,116.9700,107.1350,31.0000,2770661523.2700,296834822295.5314
2011-08-01,91.1843,86.3300,110.2200,98.2750,31.0000,2826714613.1600,277795378608.2990
2011-09-01,90.3495,85.5200,112.8300,99.1750,30.0000,2710485616.2000,268812410986.6350
2011-10-01,89.3985,86.3200,109.5500,97.9350,31.0000,2771354800.1400,271412632351.7109
2011-11-01,91.3840,97.1600,110.7700,103.9650,30.0000,2741521228.8000,285022254552.1920
2011-12-01,91.0202,98.5600,107.8700,103.2150,31.0000,2821625447.6300,291234070577.1305
2012-01-01,87.8812,100.2700,110.6900,105.4800,31.0000,2724316805.6800,287360936663.1263
2012-02-01,92.0353,102.2000,119.3300,110.7650,29.0000,2669025053.7200,295634560075.2958
2012-03-01,90.0775,106.1600,125.4500,115.8050,31.0000,2792403826.4900,323374325126.6744
2012-04-01,88.4245,103.3200,119.7500,111.5350,30.0000,2652734883.6000,295872785242.3260
2012-05-01,90.5510,94.6600,110.3400,102.5000,31.0000,2807081106.3300,287725813398.8250
2012-06-01,90.9200,82.3000,95.1600,88.7300,30.0000,2727600259.5000,242019971025.4350
2012-07-01,91.7710,87.9000,102.6200,95.2600,31.0000,2844900176.0200,271005190767.6652
2012-08-01,91.6821,94.1300,113.3600,103.7450,31.0000,2842145587.0100,294858393924.3525
2012-09-01,90.2036,94.5100,112.8600,103.6850,30.0000,2706109207.2000,280582933148.5320
2012-10-01,92.8772,89.4900,111.7100,100.6000,31.0000,2879193711.5000,289646887376.9000
2012-11-01,92.7459,86.5300,109.0600,97.7950,30.0000,2782378295.7000,272102685427.9815
2012-12-01,91.7083,87.8600,109.4900,98.6750,31.0000,2842957110.9000,280528792918.0575
2013-01-01,92.0362,94.7600,112.9600,103.8600,31.0000,2853123546.9500,296325411586.2271
2013-02-01,92.0963,95.3100,116.0500,105.6800,28.0000,2578695259.2800,272516515000.7104
2013-03-01,90.7860,92.9400,108.4700,100.7050,31.0000,2814367110.7300,283420839886.0646
2013-04-01,91.5255,92.0200,102.2500,97.1350,30.0000,2745764246.7000,266709810103.2045
2013-05-01,91.8142,94.5100,102.5600,98.5350,31.0000,2846241654.8300,280454421458.6740
2013-06-01,92.2956,95.7700,102.9200,99.3450,30.0000,2768868794.7000,275073270409.4715
2013-07-01,94.2719,104.6700,107.9300,106.3000,31.0000,2922430397.3000,310654351232.9901
2013-08-01,92.2364,106.5700,111.2800,108.9250,31.0000,2859329088.8200,311452420999.7185
2013-09-01,92.4543,106.2900,111.6000,108.9450,30.0000,2773627987.8000,302172901130.8710
2013-10-01,92.4163,100.5400,109.0800,104.8100,31.0000,2864905012.3200,300270694341.2593
2013-11-01,94.0123,93.8600,107.7900,100.8250,30.0000,2820368214.9000,284363625267.2925
2013-12-01,93.8503,97.6300,110.7600,104.1950,31.0000,2909358463.6200,303140605116.8859
2014-01-01,93.1415,94.6200,108.1200,101.3700,31.0000,2887386588.3500,292694378461.0395
2014-02-01,94.4245,100.8200,108.9000,104.8600,28.0000,2643887104.8800,277238001817.7168
2014-03-01,91.8752,100.8000,107.4800,104.1400,31.0000,2848132205.3300,296604487863.0662
2014-04-01,93.6901,102.0700,107.7600,104.9150,30.0000,2810703750.3000,294884983962.7245
2014-05-01,92.9472,102.1800,109.5400,105.8600,31.0000,2881362146.9300,305020996874.0098
2014-06-01,93.8103,105.7900,111.8000,108.7950,30.0000,2814308714.1000,306182716550.5095
2014-07-01,94.1641,103.5900,106.7700,105.1800,31.0000,2919088168.5700,307029693570.1926
2014-08-01,94.0090,96.5400,101.6100,99.0750,31.0000,2914279491.9700,288732240666.9278
2014-09-01,95.5249,93.2100,97.0900,95.1500,30.0000,2865745956.6000,272675727770.4900
2014-10-01,94.0684,84.4000,87.4300,85.9150,31.0000,2916120419.2200,250538485817.2863
2014-11-01,93.9795,75.7900,79.4400,77.6150,30.0000,2819384819.4000,218826552757.7310
2014-12-01,97.0162,59.2900,62.3400,60.8150,31.0000,3007501083.6900,182901178404.6074
2015-01-01,93.3999,47.2200,47.7600,47.4900,31.0000,2895398264.3100,137502463572.0819
2015-02-01,96.5793,50.5800,58.1000,54.3400,28.0000,2704221191.8400,146947379564.5856
2015-03-01,93.7868,47.8200,55.8900,51.8550,31.0000,2907391703.9600,150762796808.8458
2015-04-01,95.5618,54.4500,59.5200,56.9850,30.0000,2866855364.4000,163367752940.3340
2015-05-01,92.9927,59.2700,64.0800,61.6750,31.0000,2882774817.5500,177795136872.3962
2015-06-01,97.6462,59.8200,61.4800,60.6500,30.0000,2929384903.2000,177667194379.0800
2015-07-01,97.6473,50.9000,56.5600,53.7300,31.0000,3027065932.0300,162644252527.9719
2015-08-01,96.0867,42.8700,46.5200,44.6950,31.0000,2978688523.6700,133132483565.4306
2015-09-01,97.3686,45.4800,47.6200,46.5500,30.0000,2921057542.8000,135975228617.3400
2015-10-01,95.5359,46.2200,48.4300,47.3250,31.0000,2961612425.3900,140158308031.5818
2015-11-01,94.9862,42.4400,44.2700,43.3550,30.0000,2849585343.6000,123543772571.7780
2015-12-01,98.7489,37.1900,38.0100,37.6000,31.0000,3061216410.2600,115101737025.7760
2016-01-01,93.4072,31.6800,30.7000,31.1900,31.0000,2895621877.2300,90314446350.8037
2016-02-01,98.3924,30.3200,32.1800,31.2500,29.0000,2853380043.1200,89168126347.5000
2016-03-01,97.4258,37.5500,38.2100,37.8800,31.0000,3020200057.9200,114405178194.0096
2016-04-01,97.0043,40.7500,41.5800,41.1650,30.0000,2910129357.9000,119795475017.9535
2016-05-01,96.4252,46.7100,46.7400,46.7250,31.0000,2989180987.0300,139669481618.9767
2016-06-01,97.1593,48.7600,48.2500,48.5050,30.0000,2914780174.5000,141381412364.1225
2016-07-01,96.4418,44.6500,44.9500,44.8000,31.0000,2989695290.6700,133938349022.0160
2016-08-01,99.6373,44.7200,45.8400,45.2800,31.0000,3088755024.9700,139858827530.6416
2016-09-01,97.4349,45.1800,46.5700,45.8750,30.0000,2923047633.9000,134094810205.1625
2016-10-01,96.0540,49.7800,49.5200,49.6500,31.0000,2977674717.3400,147841549715.9310
2016-11-01,98.0786,45.6600,44.7300,45.1950,30.0000,2942358192.9000,132979878528.1155
2016-12-01,99.4847,51.9700,53.3100,52.6400,31.0000,3084025596.1500,162343107381.3360
2017-01-01,96.0458,52.5000,54.5800,53.5400,31.0000,2977419355.7700,159411032307.9258
2017-02-01,97.7475,53.4700,54.8700,54.1700,28.0000,2736929907.6000,148259493094.6920
2017-03-01,99.7343,49.3300,51.5900,50.4600,31.0000,3091761758.3700,156010298327.3502
2017-04-01,97.4998,51.0600,52.3100,51.6850,30.0000,2924993679.0000,151178298299.1150
2017-05-01,99.9897,48.4800,50.3300,49.4050,31.0000,3099680597.3900,153139719914.0529
2017-06-01,101.8027,45.1800,46.3700,45.7750,30.0000,3054080319.0000,139800526602.2250
2017-07-01,99.7525,46.6300,48.4800,47.5550,31.0000,3092328873.9200,147055699599.2656
2017-08-01,99.9998,48.0400,51.7000,49.8700,31.0000,3099994300.3400,154596715757.9558
2017-09-01,100.9337,49.8200,56.1500,52.9850,30.0000,3028010835.0000,160439154092.4750
2017-10-01,99.2879,51.5800,57.5100,54.5450,31.0000,3077924203.7400,167885375692.9983
2017-11-01,101.9600,56.6400,62.7100,59.6750,30.0000,3058799850.0000,182533881048.7500
2017-12-01,100.3773,57.8800,64.3700,61.1250,31.0000,3111694967.0000,190202354857.8750
2018-01-01,98.1546,63.7000,69.0800,66.3900,31.0000,3042791204.3800,202010908058.7882
2018-02-01,99.7701,62.2300,65.3200,63.7750,28.0000,2793562521.1200,178159449784.4280
2018-03-01,99.9518,62.7300,66.0200,64.3750,31.0000,3098505143.4200,199466268607.6625
2018-04-01,98.9721,66.2500,72.1100,69.1800,30.0000,2969161904.7000,205406620567.1460
2018-05-01,99.6896,69.9800,76.9800,73.4800,31.0000,3090376667.8300,227080877552.1484
2018-06-01,100.7064,67.8700,74.4100,71.1400,30.0000,3021192687.0000,214927647753.1800
2018-07-01,101.1169,70.9800,74.2500,72.6150,31.0000,3134624668.8000,227620770324.9120
2018-08-01,101.4791,68.0600,72.5300,70.2950,31.0000,3145853367.9000,221137762496.5305
2018-09-01,100.1779,70.2300,78.8900,74.5600,30.0000,3005337411.0000,224077957364.1600
2018-10-01,100.1354,70.7500,81.0300,75.8900,31.0000,3104196956.7000,235577507043.9630
2018-11-01,100.4832,56.9600,64.7500,60.8550,30.0000,3014495712.0000,183447136553.7600
2018-12-01,100.1959,49.5200,57.3600,53.4400,31.0000,3106071551.5000,165988463712.1600
2019-01-01,99.4916,51.3800,59.4100,55.3950,31.0000,3084240550.7700,170851505309.9041
2019-02-01,100.4924,54.9500,63.9600,59.4550,28.0000,2813786852.8000,167293697333.2240
2019-03-01,99.3123,58.1500,66.1400,62.1450,31.0000,3078682602.9300,191324730359.0848
2019-04-01,100.3971,63.8600,71.2300,67.5450,30.0000,3011911926.0000,203439591041.6700
2019-05-01,100.1184,60.8300,71.3200,66.0750,31.0000,3103671782.6000,205075113035.2950
2019-06-01,101.0612,54.6600,64.2200,59.4400,30.0000,3031837455.0000,180212418325.2000
2019-07-01,102.1160,57.3500,63.9200,60.6350,31.0000,3165594868.5000,191945844851.4975
2019-08-01,102.0638,54.8100,59.0400,56.9250,31.0000,3163976897.9000,180109384912.9575
2019-09-01,100.8409,56.9500,62.8300,59.8900,30.0000,3025227114.0000,181180851857.4600
2019-10-01,100.2911,53.9600,59.7100,56.8350,31.0000,3109024599.1000,176701413089.8485
2019-11-01,101.0496,57.0300,63.2100,60.1200,30.0000,3031486641.0000,182252976856.9200
2019-12-01,101.4975,59.8800,67.3100,63.5950,31.0000,3146423597.4000,200096808676.6530
2020-01-01,93.9588,57.5200,63.6500,60.5850,31.0000,2912723866.7100,176467375464.6254
2020-02-01,95.2223,50.5400,55.6600,53.1000,29.0000,2761446023.1400,146632783828.7340
2020-03-01,91.1257,29.2100,32.0100,30.6100,31.0000,2824896273.4400,86470074929.9984
2020-04-01,83.6667,16.5500,18.3800,17.4650,30.0000,2510000567.1000,43837159904.4015
2020-05-01,86.3632,28.5600,29.3800,28.9700,31.0000,2677259337.9500,77560203020.4115
2020-06-01,90.0637,38.3100,40.2700,39.2900,30.0000,2701911699.0000,106158110653.7100
2020-07-01,92.1491,40.7100,43.2400,41.9750,31.0000,2856622766.5000,119906740623.8375
2020-08-01,91.7709,42.3400,44.7400,43.5400,31.0000,2844897834.2800,123866851704.5512
2020-09-01,93.2461,39.6300,40.9100,40.2700,30.0000,2797384101.6000,112650657771.4320
2020-10-01,92.2904,39.4000,40.1900,39.7950,31.0000,2861001456.6700,113853552968.1826
2020-11-01,93.0898,40.9400,42.6900,41.8150,30.0000,2792694707.7000,116776529202.4755
2020-12-01,93.9221,47.0200,49.9900,48.5050,31.0000,2911584898.5000,141226425501.7425
2021-01-01,92.8375,52.0000,54.7700,53.3850,31.0000,2877961094.1500,153639953011.1978
2021-02-01,94.3065,59.0400,62.2800,60.6600,28.0000,2640583357.4400,160177786462.3104
2021-03-01,95.7101,62.3300,65.4100,63.8700,31.0000,2967013618.6300,189503159821.8981
2021-04-01,95.7736,61.7200,64.8100,63.2650,30.0000,2873209446.6000,181773595639.1490
2021-05-01,96.1145,65.1700,68.5300,66.8500,31.0000,2979550209.2800,199182931490.3680
2021-06-01,98.9375,71.3800,73.1600,72.2700,30.0000,2968126221.6000,214506482035.0320
2021-07-01,98.5584,72.4900,75.1700,73.8300,31.0000,3055308924.7100,225573457911.3393
2021-08-01,98.3703,67.7300,70.7500,69.2400,31.0000,3049480133.2800,211146004428.3072
2021-09-01,99.3419,71.6500,74.4900,73.0700,30.0000,2980257900.0000,217767444753.0000
2021-10-01,98.4839,81.4800,83.5400,82.5100,31.0000,3052999561.1100,251902993787.1861
2021-11-01,99.5760,79.1500,81.0500,80.1000,30.0000,2987280630.6000,239281178511.0600
2021-12-01,101.0474,71.7100,74.1700,72.9400,31.0000,3132470863.2000,228482424761.8080
2022-01-01,97.1892,83.2200,86.5100,84.8650,31.0000,3012865430.0200,255686824718.6473
2022-02-01,100.4393,91.6400,97.1300,94.3850,28.0000,2812299126.0000,265438853007.5100
2022-03-01,99.2066,108.5000,117.2500,112.8750,31.0000,3075404726.1700,347136308466.4387
2022-04-01,97.9037,101.7800,104.5800,103.1800,30.0000,2937112235.1000,303051240417.6180
2022-05-01,99.1848,109.5500,113.3400,111.4450,31.0000,3074728096.6100,342663072726.7014
2022-06-01,100.9892,114.8400,122.7100,118.7750,30.0000,3029674530.0000,359849592300.7500
2022-07-01,100.2135,101.6200,111.9300,106.7750,31.0000,3106619439.3000,331709290631.2575
2022-08-01,100.7751,93.6700,100.4500,97.0600,31.0000,3124028896.7000,303218244713.7020
2022-09-01,101.0505,84.2600,89.7600,87.0100,30.0000,3031515126.0000,263772131113.2600
2022-10-01,98.8230,87.5500,93.3300,90.4400,31.0000,3063513346.2700,277064147036.6588
2022-11-01,100.3563,84.3700,91.4200,87.8950,30.0000,3010690047.0000,264624601681.0650
2022-12-01,100.9346,76.4400,80.9200,78.6800,31.0000,3128972184.6000,246187531484.3281
2023-01-01,97.9682,78.1200,82.5000,80.3100,31.0000,3037014390.3400,243902625688.2054
2023-02-01,101.5952,76.8300,82.5900,79.7100,28.0000,2844664306.4000,226748191863.1441
2023-03-01,101.0466,73.2800,78.4300,75.8550,31.0000,3132444724.0000,237611594539.0200
2023-04-01,100.0830,79.4500,84.6400,82.0450,30.0000,3002488773.0000,246339191380.7850
2023-05-01,101.5002,71.5800,75.4700,73.5250,31.0000,3146505285.5000,231346801116.3875
2023-06-01,103.1968,70.2500,74.8400,72.5450,30.0000,3095905122.0000,224592437075.4900
2023-07-01,101.8459,76.0700,80.1100,78.0900,31.0000,3157224152.4000,246547634060.9160
2023-08-01,102.1094,81.3900,86.1500,83.7700,31.0000,3165391009.4000,265164804857.4380
2023-09-01,102.0722,89.4300,93.7200,91.5750,30.0000,3062167149.0000,280417956669.6750
2023-10-01,101.5192,85.6400,90.6000,88.1200,31.0000,3147094824.9000,277321995970.1880
2023-11-01,102.4264,77.6900,82.9400,80.3150,30.0000,3072791901.0000,246791281528.8150
2023-12-01,102.6128,71.9000,77.6300,74.7650,31.0000,3180997237.1000,237827258431.7815
2024-01-01,100.0334,74.1500,80.1200,77.1350,31.0000,3101035995.2000,239198411489.7520
2024-02-01,102.2175,77.2500,83.4800,80.3650,29.0000,2964307618.9000,238226581792.8985
2024-03-01,101.6150,81.2800,85.4100,83.3450,31.0000,3150064550.5000,262542129961.4225
2024-04-01,102.4679,85.3500,89.9400,87.6450,30.0000,3074035632.0000,269423852966.6400
2024-05-01,103.4424,80.0200,81.7500,80.8850,31.0000,3206713724.2000,259375039581.9170
2024-06-01,104.1225,79.7700,82.2500,81.0100,30.0000,3123674565.0000,253048876510.6500
2024-07-01,104.2820,81.8000,85.1500,83.4750,31.0000,3232743085.0000,269853229020.3750
2024-08-01,103.8123,76.6800,80.3600,78.5200,31.0000,3218182223.8000,252691668212.7760
2024-09-01,103.6968,70.2400,74.0200,72.1300,30.0000,3110903241.0000,224389450773.3300
2024-10-01,104.0086,71.9900,75.6300,73.8100,31.0000,3224265468.5000,237983034229.9850
2024-11-01,103.6433,69.9500,74.3500,72.1500,30.0000,3109299903.0000,224335988001.4500
2024-12-01,103.8552,70.1200,73.8600,71.9900,31.0000,3219512337.7000,231772693191.0230
2025-01-01,102.0058,75.7400,79.2700,77.5050,31.0000,3162181142.3000,245084849433.9615
2025-02-01,103.5418,71.5300,75.4400,73.4850,28.0000,2899170710.8000,213045559683.1380
2025-03-01,102.3142,68.2400,72.7300,70.4850,31.0000,3171740361.2000,223560119359.1820
2025-04-01,103.5942,63.5400,68.1300,65.8350,30.0000,3107825250.0000,204603675333.7500
2025-05-01,103.5117,62.1700,64.4500,63.3100,31.0000,3208863599.0000,203153154452.6900
2025-06-01,105.7560,68.1700,71.4400,69.8050,30.0000,3172681377.0000,221469023521.4850
2025-07-01,105.4183,68.3900,71.0400,69.7150,31.0000,3267967851.8000,227826378788.2370
2025-08-01,104.4852,64.8600,67.8700,66.3650,31.0000,3239042148.6000,214959032191.8390
2025-09-01,105.8505,63.9600,67.9900,65.9750,30.0000,3175513566.0000,209504507516.8500
2025-10-01,104.4393,60.8900,64.5400,62.7150,31.0000,3237617401.0000,203047175303.7150
2025-11-01,104.2499,60.0600,63.8000,61.9300,30.0000,3127495647.0000,193685805418.7100
2025-12-01,106.1955,57.9700,62.5400,60.2550,31.0000,3292061160.3000,198363145213.8765
2026-01-01,102.4834,60.0400,66.6000,63.3200,31.0000,3176984829.6000,201166679410.2720
2026-02-01,104.4801,64.5100,70.8900,67.7000,28.0000,2925442150.4000,198052433582.0800
2026-03-01,102.1408,91.3800,103.1300,97.2550,31.0000,3166365956.3000,307944921079.9565
2026-04-01,99.6190,100.3200,117.2900,108.8050,30.0000,2988570300.9000,325171391589.4246
2026-05-01,99.1682,102.1300,107.1400,104.6350,31.0000,3074214949.2700,321670481216.8664
2026-06-01,102.0469,84.8100,85.4000,85.1050,30.0000,3061406526.0000,260541002395.2300
2026-07-01,101.8181,80.4600,83.7600,82.1100,31.0000,3156362073.4000,259168889846.8740
2026-08-01,103.6971,83.9000,91.0800,87.4900,31.0000,3214609647.4000,281246198051.0261
