date,value_usd
1993-01-01,4830389419459.50
1993-02-01,4881926574859.05
1993-03-01,4991276842664.95
1993-04-01,4863559489696.41
1993-05-01,4994725267500.61
1993-06-01,5012744943874.41
1993-07-01,4988407560154.25
1993-08-01,5179604580790.57
1993-09-01,5141918196298.73
1993-10-01,5243357349303.38
1993-11-01,5187389678511.85
1993-12-01,5251079630000.00
1994-01-01,5434215770855.55
1994-02-01,5275729183690.29
1994-03-01,5054669179347.22
1994-04-01,5111343924696.86
1994-05-01,5192814541440.58
1994-06-01,5073824924593.91
1994-07-01,5237841325082.76
1994-08-01,5437512515558.48
1994-09-01,5300190286306.60
1994-10-01,5450856153901.22
1994-11-01,5233824482780.03
1994-12-01,5137739860000.00
1995-01-01,5310404400428.68
1995-02-01,5527123856383.86
1995-03-01,5681038153535.40
1995-04-01,5849329341846.17
1995-05-01,6081385392638.88
1995-06-01,6204410744095.87
1995-07-01,6403982075866.61
1995-08-01,6432488000058.88
1995-09-01,6705075946807.50
1995-10-01,6685373465458.26
1995-11-01,6982733040172.83
1995-12-01,6952026000000.00
1996-01-01,7199363805870.13
1996-02-01,7222331692784.55
1996-03-01,7346688454186.48
1996-04-01,7426545163368.09
1996-05-01,7595129028896.58
1996-06-01,7662130102391.05
1996-07-01,7317822546800.85
1996-08-01,7458758160782.93
1996-09-01,7875498676462.85
1996-10-01,8130124123260.14
1996-11-01,8723656704918.40
1996-12-01,8480497000000.00
1997-01-01,9004475951884.56
1997-02-01,9090606443597.88
1997-03-01,8689503135924.54
1997-04-01,9233499724678.07
1997-05-01,9817119137862.38
1997-06-01,10220630100148.57
1997-07-01,11030763612250.27
1997-08-01,10459326756516.84
1997-09-01,10962323989494.66
1997-10-01,10693704354504.24
1997-11-01,11107517804961.29
1997-12-01,10770143000000.00
1998-01-01,10908844617699.30
1998-02-01,11664761327301.62
1998-03-01,12233810636614.04
1998-04-01,12390296041922.97
1998-05-01,12132962575955.88
1998-06-01,12649508492038.46
1998-07-01,12478561148955.67
1998-08-01,10716845025281.59
1998-09-01,11398854562812.42
1998-10-01,12323097744618.96
1998-11-01,13009266701303.38
1998-12-01,12922580000000.00
1999-01-01,13377784111832.31
1999-02-01,12948785411030.66
1999-03-01,13485742285984.07
1999-04-01,13997856446795.00
1999-05-01,13677784288237.36
1999-06-01,14435233018408.17
1999-07-01,13987424187600.84
1999-08-01,13914990512876.26
1999-09-01,13604170212887.63
1999-10-01,14475894135232.60
1999-11-01,14716938924445.47
1999-12-01,14777387400000.00
2000-01-01,14041663946375.78
2000-02-01,13827862719348.99
2000-03-01,15167984780020.15
2000-04-01,14635275291274.59
2000-05-01,14405169137159.83
2000-06-01,14688687221216.38
2000-07-01,14458046861838.14
2000-08-01,15402735449782.03
2000-09-01,14557711143132.97
2000-10-01,14489615322764.81
2000-11-01,13407919663521.49
2000-12-01,15107751000000.00
2001-01-01,15779420754955.81
2001-02-01,14274261333902.87
2001-03-01,13474368926632.16
2001-04-01,14625631100900.65
2001-05-01,14543638933291.45
2001-06-01,14197070960582.94
2001-07-01,14052327186954.69
2001-08-01,13218564881320.86
2001-09-01,12139527145953.79
2001-10-01,12297603827537.62
2001-11-01,13256542455969.11
2001-12-01,13983666000000.00
2002-01-01,13846641600521.13
2002-02-01,13598285879588.57
2002-03-01,14050716923253.42
2002-04-01,13233579574983.77
2002-05-01,13155060221196.07
2002-06-01,12184120422211.72
2002-07-01,11223769223785.54
2002-08-01,11300103593511.52
2002-09-01,10115263703728.39
2002-10-01,10947582131577.41
2002-11-01,11622847990516.43
2002-12-01,11054430000000.00
2003-01-01,10782543376044.73
2003-02-01,10637204792850.02
2003-03-01,10659963935502.38
2003-04-01,11561929830052.59
2003-05-01,12195937985444.71
2003-06-01,12325846392105.37
2003-07-01,12548044611549.62
2003-08-01,12806856771813.47
2003-09-01,12667182048937.57
2003-10-01,13345221367758.73
2003-11-01,13490963724400.41
2003-12-01,14266265650000.00
2004-01-01,14548308914539.33
2004-02-01,14745735941600.74
2004-03-01,14550413361358.43
2004-04-01,14275109954295.33
2004-05-01,14519548634998.91
2004-06-01,14788172904022.50
2004-07-01,14311717850791.70
2004-08-01,14346578212279.95
2004-09-01,14490576577910.90
2004-10-01,14677287364871.67
2004-11-01,15330687742483.97
2004-12-01,16323726330000.00
2005-01-01,15957740713644.16
2005-02-01,16291318132530.20
2005-03-01,15993299261611.95
2005-04-01,15693666945880.82
2005-05-01,16199391578543.31
2005-06-01,16223926961333.26
2005-07-01,16844679187518.64
2005-08-01,16686769782285.32
2005-09-01,16820687232535.68
2005-10-01,16422865931385.58
2005-11-01,17144692668105.93
2005-12-01,17000864470000.00
2006-01-01,17409127933014.34
2006-02-01,17508806061895.68
2006-03-01,17797769369833.98
2006-04-01,18022592286148.07
2006-05-01,17479731943560.22
2006-06-01,17525320988453.45
2006-07-01,17603806051529.24
2006-08-01,17987960976391.48
2006-09-01,18473664677493.56
2006-10-01,19055902907403.79
2006-11-01,19434826103068.25
2006-12-01,19568972500000.00
2007-01-01,19863296334885.89
2007-02-01,19473620880094.04
2007-03-01,19699305572055.81
2007-04-01,20571901568032.31
2007-05-01,21269694572135.04
2007-06-01,20958719451178.94
2007-07-01,20302501016670.86
2007-08-01,20563043247046.42
2007-09-01,21359113444140.87
2007-10-01,21648903849658.35
2007-11-01,20810372041956.15
2007-12-01,19922279820000.00
2008-01-01,18717752793951.40
2008-02-01,18234036403967.54
2008-03-01,18070982351588.92
2008-04-01,18932285586651.35
2008-05-01,19218480987985.85
2008-06-01,17612278156517.33
2008-07-01,17454017315635.20
2008-08-01,17723745197008.46
2008-09-01,16054635122471.62
2008-10-01,13402629917815.99
2008-11-01,12469713820514.27
2008-12-01,11590277780000.00
2009-01-01,10638547335052.58
2009-02-01,9495448080905.50
2009-03-01,10286522298156.02
2009-04-01,11308447927189.69
2009-05-01,11969469411681.65
2009-06-01,11961625953024.68
2009-07-01,12854032161392.54
2009-08-01,13328853654391.81
2009-09-01,13801461094157.55
2009-10-01,13536122167043.42
2009-11-01,14370045856149.82
2009-12-01,15077285740000.00
2010-01-01,14529336633964.43
2010-02-01,14982584649531.54
2010-03-01,15894716990076.52
2010-04-01,16140607054259.18
2010-05-01,14858167105608.92
2010-06-01,14089385594350.36
2010-07-01,15051698420475.77
2010-08-01,14374664656747.20
2010-09-01,15661983860702.86
2010-10-01,16260307568756.13
2010-11-01,16260307568756.13
2010-12-01,17283451680000.00
2011-01-01,17686153525274.04
2011-02-01,18300527713233.75
2011-03-01,18302725582376.14
2011-04-01,18832798848559.85
2011-05-01,18621597576507.46
2011-06-01,18307452865974.69
2011-07-01,17941221005213.09
2011-08-01,16954893036951.98
2011-09-01,15777869874293.88
2011-10-01,17499978398654.49
2011-11-01,17428859165977.63
2011-12-01,15640707040000.00
2012-01-01,16366044404630.14
2012-02-01,17076417417311.63
2012-03-01,17625658332032.64
2012-04-01,17507999780595.77
2012-05-01,16456542111315.09
2012-06-01,17124360516524.34
2012-07-01,17326936888390.32
2012-08-01,17761019649253.48
2012-09-01,18211281381105.15
2012-10-01,17879867055083.91
2012-11-01,17981066905086.73
2012-12-01,18668333210000.00
2013-01-01,19623970415445.80
2013-02-01,19874352390556.64
2013-03-01,20628996709678.20
2013-04-01,21025332784670.23
2013-05-01,21521737314554.99
2013-06-01,21234540773262.73
2013-07-01,22331872395932.11
2013-08-01,21662087166861.45
2013-09-01,22347613274229.43
2013-10-01,23382466184581.04
2013-11-01,24075461255375.95
2013-12-01,24034853520000.00
2014-01-01,23187670010330.74
2014-02-01,24243073171341.98
2014-03-01,24444177226178.17
2014-04-01,24614101405441.71
2014-05-01,25185319674384.47
2014-06-01,25705254541991.34
2014-07-01,25359836067000.67
2014-08-01,26360626533421.40
2014-09-01,25996952228997.72
2014-10-01,26609203115912.39
2014-11-01,27340195519517.39
2014-12-01,26330589190000.00
2015-01-01,25550435252704.20
2015-02-01,26986485388566.15
2015-03-01,26562645463379.23
2015-04-01,26823857634444.28
2015-05-01,27168706190612.12
2015-06-01,26616857877855.73
2015-07-01,27218112270775.23
2015-08-01,25559165415721.59
2015-09-01,24907003259706.90
2015-10-01,27025581335991.88
2015-11-01,27124362656068.32
2015-12-01,25067539600000.00
2016-01-01,23819509303815.19
2016-02-01,23799831954604.87
2016-03-01,25400762792222.57
2016-04-01,25500865171102.16
2016-05-01,25934672636470.70
2016-06-01,26024820329162.48
2016-07-01,26973980247539.75
2016-08-01,27006276087354.78
2016-09-01,27007842243720.50
2016-10-01,26539615034177.72
2016-11-01,27517287029982.19
2016-12-01,27352200720000.00
2017-01-01,27841657081398.98
2017-02-01,28935598178523.98
2017-03-01,28971770322538.77
2017-04-01,29259343431901.85
2017-05-01,29672277950842.91
2017-06-01,29861439441136.32
2017-07-01,30475220430915.41
2017-08-01,30564135829747.10
2017-09-01,31179988208376.45
2017-10-01,31914716136846.97
2017-11-01,32890209872591.98
2017-12-01,32120702650000.00
2018-01-01,33931005001751.00
2018-02-01,32697259713124.86
2018-03-01,31801009298138.03
2018-04-01,31965371369496.27
2018-05-01,32742422056427.51
2018-06-01,32930715933275.98
2018-07-01,34150680142778.79
2018-08-01,35240771680738.16
2018-09-01,35450283511853.97
2018-10-01,33000529441396.09
2018-11-01,33612662283727.92
2018-12-01,30436313050000.00
2019-01-01,32873215555069.73
2019-02-01,33938823135654.09
2019-03-01,34553144453370.26
2019-04-01,35964719704661.06
2019-05-01,33671200419456.99
2019-06-01,36014264735698.38
2019-07-01,36558785284444.31
2019-08-01,35946665088861.91
2019-09-01,36646113815949.91
2019-10-01,37456164244805.49
2019-11-01,38812013830723.11
2019-12-01,34085727370000.00
2020-01-01,34071950499101.41
2020-02-01,31374623295298.45
2020-03-01,27456841628331.75
2020-04-01,30943413634100.32
2020-05-01,32417705877249.25
2020-06-01,32992620102541.79
2020-07-01,34935624526200.25
2020-08-01,37374013379909.79
2020-09-01,35974601771234.69
2020-10-01,35077619421847.23
2020-11-01,38893258173691.97
2020-12-01,41569861770000.00
2021-01-01,41146245523684.74
2021-02-01,42290347877305.09
2021-03-01,44210296070449.30
2021-04-01,46549475544353.87
2021-05-01,46855122663045.93
2021-06-01,47905964821931.90
2021-07-01,49075468471423.41
2021-08-01,50535936748425.62
2021-09-01,48180693720671.18
2021-10-01,51561227416296.10
2021-11-01,51146934258817.31
2021-12-01,48548538120000.00
2022-01-01,45988023828314.88
2022-02-01,44630595308235.95
2022-03-01,46308281707908.57
2022-04-01,42243842901098.66
2022-05-01,42339200397635.69
2022-06-01,38847890322277.70
2022-07-01,42425295335172.00
2022-08-01,40694260317960.96
2022-09-01,36932242234606.63
2022-10-01,39933929519471.47
2022-11-01,42153912659261.35
2022-12-01,40297980320000.00
2023-01-01,42832213493563.85
2023-02-01,41755304141504.62
2023-03-01,43303485235968.51
2023-04-01,43995256713653.91
2023-05-01,44198349639765.91
2023-06-01,47062395152460.66
2023-07-01,48602899449621.19
2023-08-01,47813008590328.55
2023-09-01,45545019019332.23
2023-10-01,44556300121318.35
2023-11-01,48626240015159.68
2023-12-01,48979397700000.00
2024-01-01,49759467260497.90
2024-02-01,52356244696202.34
2024-03-01,54068400503659.03
2024-04-01,51888389375853.92
2024-05-01,54512882381594.62
2024-06-01,56436097418664.20
2024-07-01,57119490498163.82
2024-08-01,58454124777228.80
2024-09-01,59681923880302.12
2024-10-01,59149365337334.48
2024-11-01,62676653902647.39
2024-12-01,62185685320000.00
2025-01-01,63855765651999.49
2025-02-01,63045134682556.84
2025-03-01,59532303632849.39
2025-04-01,59016141407155.36
2025-05-01,62725005411871.68
2025-06-01,65948207956184.71
2025-07-01,67467091920385.57
2025-08-01,68851485932935.34
2025-09-01,71304007633375.94
2025-10-01,73003710488236.28
2025-11-01,73146065001797.14
2025-12-01,68937866209999.99
2026-01-01,69953858234796.39
2026-02-01,69349317391045.01
2026-03-01,65924881457373.38
2026-04-01,72850464351065.08
2026-05-01,76684274497331.64
2026-06-01,75894995393953.19
2026-07-01,75921423884710.41
2026-08-01,77956069438784.12
2026-09-01,77603556901361.89
